{"cameraMode":{"drawMode":0,"name":"Shaded","section":"Shading Mode"},"sceneLighting":true,"audioPlay":false,"sceneViewState":{"showFog":false,"showMaterialUpdate":false,"showSkybox":false,"showFlares":false,"showImageEffects":false,"showParticleSystems":false},"in2DMode":false,"pivot":{"x":-36.524471282958987,"y":-4.2063140869140629,"z":-2.384185791015625e-7},"rotation":{"x":0.0521329864859581,"y":0.1566334217786789,"z":-0.008276908658444882,"w":0.9862855076789856},"size":2.714420795440674,"orthographic":false}